"[V6me]OZONED","5428345446425169105"
"Calamity","5429109374127653745"
"Chippy","5429210842275235361"
"Eternal","5429269171589998385"
"Faelswoop","5429406154399013425"
"Lost","5429119940678718337"
"LoveThatLiberator","5429456897688175313"
"MedievalWelder","5429070959347011265"
"Menace","5429078932849229809"
"prage","5429697514504494657"
"Psychosis","5429553283712689537"
"RC_03","5429033621898147601"
"Revolt","5429560538797532641"
"SILKO","5429124457421899297"
"Silvainius","5429098863615355233"
"TheBlueChampion","5429342752041519233"
"TridentPack","5429423913023771825"
"Uhave2Bolieve","5429456897687801761"